{"cameraMode":{"drawMode":0,"name":"Shaded","section":"Shading Mode"},"sceneLighting":true,"audioPlay":false,"sceneViewState":{"m_AlwaysRefresh":false,"showFog":true,"showSkybox":true,"showFlares":true,"showImageEffects":true,"showParticleSystems":true,"showVisualEffectGraphs":true,"m_FxEnabled":true},"in2DMode":false,"pivot":{"x":-138.87542724609376,"y":-3.6834805011749269,"z":59.33980941772461},"rotation":{"x":0.10713540017604828,"y":-0.46445780992507937,"z":0.05668049305677414,"w":0.8772971630096436},"size":24.24871063232422,"orthographic":false}