{"cameraMode":{"drawMode":0,"name":"Shaded","section":"Shading Mode"},"sceneLighting":true,"audioPlay":false,"sceneViewState":{"m_AlwaysRefresh":false,"showFog":true,"showSkybox":true,"showFlares":true,"showImageEffects":true,"showParticleSystems":true,"showVisualEffectGraphs":true,"m_FxEnabled":true},"in2DMode":false,"pivot":{"x":-16.48992347717285,"y":19.625892639160158,"z":-14.016853332519532},"rotation":{"x":-0.2094300538301468,"y":0.012526853010058403,"z":-0.002663412829861045,"w":-0.9777860641479492},"size":2.4494895935058595,"orthographic":false}