{"cameraMode":{"drawMode":0,"name":"Shaded","section":"Shading Mode"},"sceneLighting":true,"audioPlay":false,"sceneViewState":{"m_AlwaysRefresh":false,"showFog":true,"showSkybox":true,"showFlares":true,"showImageEffects":true,"showParticleSystems":true,"showVisualEffectGraphs":true,"m_FxEnabled":true},"in2DMode":false,"pivot":{"x":-103.27599334716797,"y":10.719342231750489,"z":22.503280639648439},"rotation":{"x":0.07578560709953308,"y":0.5354377627372742,"z":-0.04832019656896591,"w":0.8397844433784485},"size":2.1213200092315676,"orthographic":false}