{"cameraMode":{"drawMode":0,"name":"Shaded","section":"Shading Mode"},"sceneLighting":false,"audioPlay":false,"sceneViewState":{"m_AlwaysRefresh":false,"showFog":true,"showSkybox":true,"showFlares":true,"showImageEffects":true,"showParticleSystems":true,"showVisualEffectGraphs":true,"m_FxEnabled":true},"in2DMode":false,"pivot":{"x":-41.31230163574219,"y":0.12691497802734376,"z":74.61637878417969},"rotation":{"x":-0.14646871387958527,"y":0.0065271882340312,"z":-0.0009440967696718872,"w":-0.9892160296440125},"size":27.778261184692384,"orthographic":false}