{"cameraMode":{"drawMode":0,"name":"Shaded","section":"Shading Mode"},"sceneLighting":true,"audioPlay":false,"sceneViewState":{"m_AlwaysRefresh":false,"showFog":true,"showSkybox":true,"showFlares":true,"showImageEffects":true,"showParticleSystems":true,"showVisualEffectGraphs":true,"m_FxEnabled":true},"in2DMode":false,"pivot":{"x":16.445056915283204,"y":-15.282042503356934,"z":-6.5023393630981449},"rotation":{"x":-0.23106397688388825,"y":-0.6070898175239563,"z":-0.19058522582054139,"w":0.7360279560089111},"size":1.1660254001617432,"orthographic":false}