{"cameraMode":{"drawMode":0,"name":"Shaded","section":"Shading Mode"},"sceneLighting":false,"audioPlay":false,"sceneViewState":{"m_AlwaysRefresh":false,"showFog":true,"showSkybox":true,"showFlares":true,"showImageEffects":true,"showParticleSystems":true,"showVisualEffectGraphs":true,"m_FxEnabled":true},"in2DMode":false,"pivot":{"x":-111.33950805664063,"y":10.879668235778809,"z":-20.04599380493164},"rotation":{"x":0.08243072032928467,"y":0.18574590981006623,"z":-0.015639182180166246,"w":0.9790104031562805},"size":5.999380588531494,"orthographic":false}